cleaned_text,sentimen
salah satu alasan tagar indonesiagelap ini lho,netral
foto bersama penuh kemesraan antara jokowi prabowo puan maharani dan surabaya berpakaian seragam loreng sementara para mahasiswa dan rakyat sipil sibuk aksi demo indonesiagelap,netral
indonesiagelap ini harus diviralkan sih jangan sampai orangg terlalu fokus sama pertamina danantara,negatif
spesifikasinya sama sama bbm ron di sulap jadi ron pertamina pertamax oplosan indonesiagelap,netral
iya lho baku hantam deh kalian berdua dah bener ini indonesiagelap jangan ditiru ya selamat pagi salam jumat sehat untuk semua para pejuang keluarga,negatif
waktu jadi walikota solo terus pindah ke jakarta jadi insinyur aja yaudah aneh sih menurut saya ini bukan soal teliti dan tidak teliti tapi pembiaran yg dilakukan membuat indonesiagelap,negatif
korupsi di pt angkutan sungai danau dan penyebrangan ferry indonesia mencapai korupsilah selagi sempat hidup jokowi hidup jokowi indonesiagelap,netral
bacot kades kemarin yang presiden aja ga berani nangkap maksudnya bukan dia tapi bohirnya yang presiden ga brani masak pesan sperti itu pada gak ngerti dan terbukti pada ga berani indonesiagelap,negatif
weleeeh jaksa bilang begini dewan bilang begitu hayo saling oplos rakyat nonton pajaknya bayar dagelan ditantang tuh hukum letoy indonesiagelap,negatif
bangsa bangsat indonesiagelap tagar indonesiagelap,negatif
ok gas ok gas situ kan dukung tagar indonesiagelap,netral
sppi gak jelas banget belum perang malah sudah kalah aja panitia gimana sih gak bilang dari awal kalau gak jelas kirain bakal buka lapangan pekerjaan besar besaran yang berkas lengkap dan daftar di awal malah gak lolos indonesiagelap sppi tidak transparansi tidak adil,negatif
pantesan gerakkanya tidak terkontrol mondar mandir yang dipegang cuma susu sambil plenga plenge tagar indonesiagelap tagar fufufafaaibnasional,negatif
mbg makan bau gratis tagar indonesiagelap,netral
spbu kerang rame imbas korupsi di pertamina gokil hampir tembus triliun yah kabarnya sebagai pemakai bahan bakar kerang ini kudu siap ngantri juga salamwaras dari dulu sudah tagar kaburajadulu ke si kerang abis daripada motor gw ikutan tagar indonesiagelap yg ada soak nanti mesinnya,negatif
simpan jangan sampai nguap setelah berhadapan dengan kekuatan besar termasuk csr bi ke sejumlah anggota dpr rusak rusak mereka gak malu bikin indonesiagelap ya kan semangat tantangan makin berat,negatif
bukan tentang panci wajan dan tetek bengek tapi tentang tangga menuju pucuk yang selalu menimbulkan keributan tagar indonesiagelap tagar fufufafaaibnasional,netral
para aparat ini masih stuck di tahun lama kah bener mesti reformasi polri indonesiagelap,negatif
di sini pejabat korup malah dilindungi dan banyak temen syarat sekubu politik kalau seberangan ya sorry yee ndassmu langsung masuk penjara walau gak terbukti kasusnya kayak tl ripdemocrazy tagar indonesiagelap tagar darkindonesia,negatif
masyarakat sudah mulai beralih dari pertamina ke shell bank bumn ke bank swasta telkomsel ke xl saham dalam negeri ke crypto sepertinya prabowo ada benarnya negara ini bubar indonesiagelap,netral
yakin pemerintah nggak tau korupsi pertamina ini jauh hari mobil kepresidenan aja ngisinya di shell kenapa keluarin kartu ini karena hari kerja isinya lawakan makanya dikeluarin berita bagus indonesiagelap,negatif
gw harus gimana ikut demo disemprot water canon sampai gas air mata juga di piting tagar indonesiagelap,negatif
pak ini baru keren pak cintailah produk luar negeri karena produk dalam negeri cuma tipu saja hasil dari kerja tipu bumn cukup rakyat pribumi bodoh miskin yg beli hasil produk tipu nasional indonesiagelap,negatif
kalau bisa buat rakyat susah kenapa tidak tagar indonesiagelap,negatif
sudah kuduga khong guan untouchable tagar indonesiagelap,netral
eta kegelapan indonesiagelap,negatif
benar benar indonesiagelap,negatif
saya kok menyakini kalau patra niaga oplos pertalite jadi pertamax atas perintah mulyono agar dapat dana segar buat pemilu karena duitnya menggiurkan maka diterusin sampai indonesiagelap,positif
macan apa yang tidak berdaya ketika lawan tikus yang jawab benar dapat hadiah emas kg ambil di bank emas indonesia cuma omon omon gampang indonesiagelap,negatif
yah dia terlalu percaya sama orang itu yg jelas pembohong besar tagar indonesiagelap tagar adilijokowihargamati ,negatif
semoga manusia dajjal satu ini segera dihapus keberadaannya di negeri ini agar negeri ini tidak makin rusak akibat kedzaliman sampai keserakahannya aamiin aku berlindung kepada kalimat allah yang sempurna dari kejahatan makhluk ciptaannya hari ahmad indonesiagelap tagar adilijokowimeluas,negatif
simpan emas di pemerintah itu antara terlalu kaya atau terlalu tolol indonesiagelap,negatif
inimah betulan indonesiagelap,netral
lapangan pekerjaan untuk sanak famili handai taulan para pejabat indonesia indonesiagelap,netral
ngeri negeriku dikuasai mafia dan maling koruptor sudah seperti menjadi profesi silahkan rakyat menentukan pilihan indonesiagelap,negatif
oppung batak luhut ini gak percaya indonesiagelap padahal otak kotor nya yang buat negeri ini gelap,negatif
indonesiagelap rakyat udah capek mau teriak teriak jg percuma,negatif
negara udah hilang rasa malunya negara rusak dibuat mulyono dan anteknya ini ada lurah berpesta pora puluhan mikyar klian jangan diam saja adilijokowi indonesiagelap,negatif
pertamax oplosan pertamina korupsi pertamina pertamax pertalite kejaksaan agung polri kpk prabowo presiden ri bbm humas kpk humas kejagung indonesiagelap korupsi,netral
hai hari ini sudah tanggal sudahkah menarik seluruh uangmu dari bank bumn aku sudah dong indonesiagelap,netral
pertamax oplosan pertamina korupsi pertamina pertamax pertalite kejaksaan agung polri kpk prabowo presiden ri bbm humas kpk humas kejagung indonesiagelap korupsi,netral
mereka yang mendukung pemerintah sudah menyarankan agar mereka yang melawan menyerah dengan pemerintahan ini padahal surat cinta ini belum dibaca sampai habis indonesiagelap ini baru judul belum isi apalagi kesimpulan,negatif
negara ini bener endasmu sdh kacau kaburajadulu indonesiagelap dan lagu bayar bayar bayar dibungkam secara halus tap terangan oleh seorang wamen dan pejabat tinggi berkelas baru hari lebih sudahh rame di jalan yang antri gas dan demi ini negeri bener endasmu,negatif
mereka ini bukan sibuk mikirin rakyat tapi sibuk mikirin kekuasaan kedepannya rakus kekuasaan nikmat kekuasaan mabok kekuasaan gak heran kalo diburu dgn segala cara tagar adilijokowi tagar indonesiagelap,negatif
preman preman bedebah berlindung dibalik nama ormas biar lebih terlegitimasi kelakuannya padahal ya tetep aja mereka tukang palak sampai tukang meres indonesiagelap,negatif
sepiring nasi diberi satai sering dikorupsi negeri terantai sepiring nasi segera dimakan sering dikorupsi negara tertekan masihkah indonesiagelap,negatif
negara ini semakin endasmu kata pemimpin kita kaburajadulu di respon seorang wamen kabur aja gak usah balik lagi itu kata seorang wamen dan muncul lagi indonesiagelap dijawab oleh pejabat yang berinisial lbp merasa super power yang gelap itu dirimu ini pembungkaman,negatif
keanehan negara konoha terjadi di kerajaan raja jawa mulyono seorang kades pesta pora berharta puluhan milyar sangat sangat memalukan nih seorang lurah wajarkah anda diam saja adilijokowi indonesiagelap pertamax pertalite,negatif
kata manusia yg sekarang anaknya jadi wapres indonesiagelap,negatif
tercatat ada sekitar data karyawan pt sritex yang terkena phk setelah karyawan di phk urusan gaji dan pesangon menjadi tanggung jawab kurator sementara untuk jaminan hari tua menjadi kewenangan bpjs ketenagakerjaan indonesiagelap,netral
sendiri kita dapat melakukan begitu sedikit bersama kita dapat melakukan begitu banyak semangat walau kebijakan lebih banyak merampok bukan untuk mensejahterakan seperti amanat uud melawan atau mati perlahan indonesiagelap,negatif
kenapa ga nanam mangrove ini mah mau merusak alam dengan proyek tanggul laut indonesiagelap,negatif
indonesiagelap ternyata yang suka teriak mau mengejar koruptor sampai antartika dan gurun pasir terjauh buta matanya dalam melihat kelakuan korup yang didepan matanya,negatif
juri kompetisi juri penilai negeri dikorupsi negeri terkulai masihkah indonesiagelap,negatif
saya tau imbasnya indonesiagelap makanya akan ada narasi pembelaan buzzer buzzer sebentar lagi juga akan beraksi,negatif
indonesia sedang tidak baik saja kaburajadulu indonesiagelap,negatif
selidiki tangkap dan adili jika benar adilijokowi fufufafawapresilegal jokowipredatorkorup indonesiagelap dpr ri bumn pertamina pertamax pertalite polda metro jaya kejaksaan ri kejagung koran tempo tvonenews bem si prabowo subianto pdip,netral
berharap indonesia emas tapi prasyarat menjadi indonesia emas jauh panggang dari api kaburajadulu indonesiagelap rakyat revolutionnow,negatif
sedang mengusut mafia bbm eh kilang minyak cilacap dibakar eh kebakaran mksdnya apakah ini kebetulan kabarnya kilang tersebut berisi pertalite apakah akan tegas sampai tuntas selama beririsan dengan mulyono mimpi aja kali ndasmu indonesiagelap lawanajadulu,negatif
asean semoga trending southeastasia bakarsampah kaburajadulu indonesiagelap airpollution jumat polusi udara di sunter selatan kembali meningkat sumber asap berada di ancol pabrik dan pltu tj priok,netral
amit amit cabang bayi dah kalau masih disuruh percaya udah mesin rusak ditipu mentah mentah lagi indonesiagelap,negatif
ini kayanya buzzer deh tolong ini indonesiagelap harusnya bang elon tolong di fix,negatif
perlawanan di bulan ramadhan indonesiagelap tagar indonesiagelap,netral
miris denger lagu ini indonesia tanah air siapa indonesia tanah air para perampok bagi pejabat dan elit indonesia tanah air siapa indonesia tanah air para penguasa yg mementingkan perutnya sendiri indonesia tanah air siapa indonesia yg punya kuasa indonesiagelap,negatif
indonesia semakin dipenuhi oleh sindikat curut indonesiagelap,negatif
memang ganjil sampai absurd apalagi bernuansa politik siapa yang mnjamin tidak akan dikorupsi dengan mengelola asset sampai deviden belas ribu triliun mungkin merasa kuat sampai hebat tapi tunggu tidak lama lagi suatu akan terjadi ndasmu indonesiagelap lawanajadulu,negatif
cintailah produk indonesia udah gak berlaku dulu dana bansos dikorup sekarang di pertamina bensin pertamax dioplos indonesiagelap kayaknya bakal beneran terjadi kalo pada rakus kekuasaan,negatif
akan kah ramadhan ini penuh dengan gegap gempita perlawanan will see semoga tidak menjual prinsip untuk mencari uang thr bahwa sejatinya kepentingan masyarakat yang terzholimi diatas segalanya suara rakyat suara tuhan indonesiagelap indonesiagelap,positif
negeri para bedebah manusia anjing semua yang merampok uang negara sampai menyengsarakan rakyat bener harus revolusi sampai memangkas generasi apalagi setelah muja muji jokowi rakyat tambah muak sampai appatis terhadap propaganda politiknya ndasmu indonesiagelap lawanajadulu,negatif
suka tidak suka ramalan joyo boyo sampai ronggo warsito tahun kepemimpinan the end of the game untuk bisa ke tatanan baru sial nya kebagian huru hara well see siapa yang berselancar siapa yang mempunyai ide dan gagasan brilian indonesiagelap,negatif
keadaan indonesia sekarang jauh lebih baik dari era sebelum jokowi presiden tetapi kaum pecundang yang mentalnya belum siap berdemokrasi yang otaknya dipenuhi kebencian dan iri dengki mendustakan nikmat dan terus menggaungkan indonesiagelap,negatif
menarik di tonton kawan menjadi ingatan akan pentingnya kita terhadap kejanggalan yang di lakukan mereka penghamba dunia dengan segala tipu daya indonesiagelap,negatif
di saat rakyat kecewa terbodohi pertamax oplosan dan masalah ketimpangan lain nya kalian masih bisa bersuka ria bernyanyi bersama saat itu lah cuma ada kata lawan indonesiagelap indonesiagelap,negatif
negeri sudah merdeka indonesiagelap adilijokowi,netral
kalau males juga ya silahkan baru triliun total yang dikorupsi dalam hari kita mah tau gen z seneng aja makanya gak bisa dipercaya indonesiagelap,negatif
orde baru reborn ya tangan besl cc indonesiagelap fufufafaaibnasional,netral
makin kacau aja indonesia ini gue liat liat efisiensi segala penjuru sampai lampu di ruang kelas ga berani dinyalain semua taii taii kasian dosendosen gue btw tapi lebih kasian gue sih lebih kasian lagi emak bapak gue sih indonesiagelap,negatif
lagi atas nama pns tanah rakyat gak diganti perpres reforma agraria yg diteken oleh jokowi lah biang keroknya dan prabowo mau melanjutkan indonesiagelap revolusi solusinya,negatif
gilak babat habis sih oke tapi biang keroknya tetep ada berada sama macan ompong negeri ini sudah merdeka indonesiagelap adilijokowi,negatif
yang ada pembesar itu tidak tersentuh hukum ada uu nya pula makanya jangan puja puji koruptor tingkat dunia kita bisa susah indonesiagelap indonesiagelap,negatif
bahlil dan pertamina tak digubris bikin muak dan emosi spbu shell milik swasta di jakarta surabaya dan daerah lain diserbu pembeli akibat rakyat muak dengan kasus pertamax palsu danantara tidak dipercaya pertamina tidak dipercaya indonesiagelap,negatif
oke gas jogetin aja indonesiagelap,negatif
semoga tidak kena bubar semangat sampai menang indonesiagelap,positif
ahok siap diperiksa anak perusahaan pertamina punya dewan komisaris dekom dan komisaris utama komut sendiri indonesiagelap,netral
jika hanya mendukung omong omong aja bergerak cepat melakukan revisi uu yang berkaitan dengan hukuman mati uu kpk dan perampasan aset pemiskinan dll omong kosong indonesiagelap,negatif
kemarin iklan ai sekarang sampul buku aja pakai ai hadehh indonesiagelap artistbersuara,netral
hey mulyono yang bangsat kau apakan kampungku indonesiagelap tambangnikel negatiftambang tambangmembunuhmu,negatif
ada yg mau ditutupin jangan lengah karena ada isu yang lebih besar indonesiagelap,negatif
lihat ini via indonesiagelap sibayaktoto,netral
political sircus dan rakyat tertawa senang dengan hiburan yang dipertunjukkan lupa akan lapar dan masalah mereka indonesiagelap terusberisik lawanajadulu daruratindonesia revolusisampaiberhasil tolakdanantara shameonuprabowo adilijokowihargamati gibrankangsusu,netral
terus bisa juga tambah kolom berapa tilepan koruptor di negeri lain seperti cina dan apa hukumannya mungkin saat itu baru percaya indonesiagelap perlu riset dan investigasi serius ala kan bung,negatif
kasus ditutup indonesiagelap,netral
biar lebih kuat tolong netizen tambah kolom di samping nilai yang dikorupsi kolom tuntutan jaksa dan kolom keputusan pengadilannya dari situ mungkin akan lebih kelihatan sepekat apa kegelapan indonesiagelap,negatif
berseliweran klasemen korupsi seperti ini emang ngaruh emang bisa cegah korupsi sebagai bukti indonesiagelap saja belum diterima presiden,negatif
kerusakan konstitusi hingga etika tanpa tersentuh indonesiagelap terusberisik lawanajadulu daruratindonesia revolusisampaiberhasil tolakdanantara shameonuprabowo adilijokowihargamati gibrankangsusu,netral
cara yang tolol untuk menutupi kejahatan dewan persekongkolan rampok indonesiagelap,negatif
rakyat cuma jadi sapi perah indonesiagelap terusberisik lawanajadulu daruratindonesia revolusisampaiberhasil tolakdanantara shameonuprabowo adilijokowihargamati gibrankangsusu,netral
jika kamu minder minumlah obat obatan berbahaya dijamin melihat orang seperti melihat kebun binatang indonesiagelap,negatif
yah paling nanti yang jadi dirut pertamina adalah ponakannya dia jangan terlalu heboh masalah kasus bbm ini sampai kasus pagar laut sampai danantara luput dari perhatian kita indonesiagelap,negatif
pik dan harusnya tetap jadi hutan lindung mana ada pembangunan yang berkelanjutan serta berwasan lingkungan di pik dan indonesiagelap tangkapdanadilimafiakkn pejabat indonesia rakus kkn hentikan kkn yang sebenarnya budaya palsu,negatif
kang kavling laut kaya juga ya bisa bayar cash m si mandul ga mampu nyeret dan kulik bos kang kapling lautkah daruratkorupsi indonesiagelap adilijokowidodo prabowomuridpatuhjokowi jokowipredatorkorup jokowipawangprabowo indonesiagelap batalakanpsnpik,negatif
ga percaya pertamaxpemerintahpertamina kan ni solusi kata mang hasan halaman rumah manfaatkan untuk ngebor dan kilang bbm pertamax sendiri kan ndasmu banget bro ide doi bangsat indonesiagelap ndasmu,negatif
yesss sepakat indonesiagelap,positif
hhmmmmmm selamat rehat gaes mohon maaf lahir batin ya mau puasa gaungkan terus indonesiagelap adilijokowidodo,negatif
yang jelas aku dan kamu telah tertipu tagar indonesiagelap,negatif
hasil pengeluaran kingkong di malam hari ini kamis result selamat kepada pemenang lotiongemoygg kamibersamasukatani indonesiagelap galaxywatchultra gaza,netral
disertasi sopir angkot oplosan menimbulkan huru hara atau keonaran publik itu bisa di pidana ya kan mangkanya kita wajib dukung bijak dalam mengangkat pembantunya agar tidak menjadi kendala dalam memakmurkan rakyat indonesiagelap daruratkorupsi,negatif
salut lihat pejabat yang baru takut melihat kubah biar gerakan nya lebih ringan gitu pak indonesiagelap indonesiagelap,negatif
indonesiagelap di akhir bulan his bowl my bowl,negatif
kapan ya area joglosemar ada spbu selain pertamina semenjak ada program barcode odongku gak bisa didaptarken sampai terpaksa pake petromax yang mbuh tenan mbuh ora kwaliteitnya itu direwangi ngirit malah telek mbokne kabeh wong nduwuran bangsa indonesiagelap,negatif
barangkali begini saja kita kita berdiri diam di depan istana dan bersolidaritas diantara puing patah hati dengan negara indonesiagelap,negatif
bikin semakin gelap indonesiagelap,negatif
mereka itu karyawan apa pemilik perusahaan punya skill apa sampai harus digaji segitu gilak rakyat sebagai pemilik makan tulang mereka yang pekerja makan daging konoha warbyasaa indonesiagelap,negatif
tapi kalo kesialan bertubitubi di negeri ini wajib salahin pemerintah tetep indonesiagelap,negatif
prabowo kan presiden ya punya semua perangkat mulai dari kepolisian kejaksaan sampai jadi bestinya kpk kalo yg dibui denda cuma kelas kades walau super kaya jangan koar nangkepin koruptor kakap untuk nangkep kades se level polsek bisa kali indonesiagelap,negatif
perusahaan dalam negeri akan diambil alih asing negara yang kasih indonesia hutang subsidi akan hilang semua harga pasti naik pendapatan indo lebih dari pajak bumn halah opo iku negara maju itu pajaknya harus semakin rendah bukan semakin tinggi indonesiagelap,negatif
hasil pengeluaran toto macau malam hari ini kamis result selamat kepada pemenang lotiongemoygg kamibersamasukatani indonesiagelap galaxywatchultra gaza,netral
mahasiswa gencar aksi indonesia gelap lanyalla ajak kembali ke pancasila agar terang lanyalla dpd indonesiagelap,netral
mulyono jangan pernah memperalat wowo sampai bu mega ente sendiri yang bikin rakyat resah jokowipredatorkorup jokowipawangprabowo praboworezimboneka fufufafaaibnasional indonesiagelap,netral
pemimpin pemimpin bangsa kalau sudah kumpul dan akrab begini kan jadinya adem tinggal kerja bareng untuk indonesiacerah yang semakin benderang sampai indonesiaemas yang masih merasa indonesiagelap ya biarin aja halu sendiri,negatif
indonesiagelap phk karyawan pabrik phk guru honorer sampai phk pegawai honorer semakin masif sementara pemerintah buta tuli menganggap indonesia baik saja lapangan kerja tidak kunjung disediakan masih ada asah dinegeri ini atau kaburajadulu,negatif
ternyata orang yang mikir indonesiagelap itu sebagai hinaan terhadap indonesia bukan pemerintahan itu sendiri ya,negatif
mari melawan kamerad indonesiagelap,negatif
negara ini makin hari makin susah pengangguran melonjak kemiskinan bertambah biaya pendidikan dan kesehatan semakin mahal tapi prabowo tidak peduli itu mereka di istana lagi asik bagi kue kekuasaan dan garong duit negara habis gelap terbitlah gelap indonesiagelap,negatif
yang pasti semua institusi penegak hukum di indonesia tidak ada yang berani membongkar kasus kasus besar yang terhubung dengan penguasa pemerintahan ri hanya rakyat yang bersatu yang bisa membongkar semuanya indonesiagelap,negatif
semakin lucu aja drama nya au ah indonesiagelap,positif
selamat datang di liga korupsi indonesia kaburajadulu gelapgempita sukatani indonesiagelap,netral
setiap hari ada aja gebrakannya negara ini lama lama kebongkar semua sudah kebobrokan bumn akhlak mana akhlak indonesiagelap,negatif
kayaknya kasus korupsi akhir ini masif dimunculkan buat penglihan isu indonesiagelap ketidakbecusan mbg danantara kemaren kejelekan polusi ga sih,negatif
lu kalo mau gila sendirian aja bila perlu gedung tuh lu ajak gila semua juga gak papa lagi pula gw golput gak pilih perwakilan dari parpol manapun dalam pemilu legislatif kemarin tapi kelakuan lu jangan menjijikkan gini ke rakyat indonesia indonesiagelap,negatif
dimana nuranimu indonesiagelap,negatif
prabowo datang sebagai pahlawan karena abis berantas korupsi di pt pt besar indonesiagelap,netral
matinya nurani indonesiagelap,negatif
tak hanya sekali bikin ribut masih terlalu muda dijadikan dancuk komandan pucuk di daerah mestinya anak ini diperiksa masih terlalu muda tengil pula ribut tapi ini bukan tentang wajan indonesiagelap,negatif
tni manunggal rakyat indonesiagelap,positif
pendapat saya pribadi ya ini feeling indonesia yang tercinta ini umurnya gak akan sampe tahun indonesiagelap indonesiagelap pertaminasarangkoruptor pertamaxoplosan,negatif
menipu rakyat indonesiagelap,negatif
kotoran aja dimakan mereka kok jadi wajarlah dibilang terang indonesiagelap,negatif
indonesia tanah air siapa indonesia tanah air siapa katanya tanah air beta indonesia sejak dulu kala janjinya rakyat sejahtera petani dirampas sawahnya nelayan dipagar lautnya buruh murah miskin dan sengsara hingga akhir menutup mata indonesiagelap,negatif
dari taukenya lah enteng itu indonesiagelap,negatif
realita mungkin akan lebih parah kalo kebuka semua yang ada di indo over all pak prabowo masi nepati janjinya membuka semua tapi belum semua ya mungkin kedepan banyak kaget indonesiagelap indonesia,negatif
tembok beton menjadi pemisah kawasan pik dengan desa lemo kecamatan teluknaga kabupaten tangerang kesenjangan sosial antara si kaya yang semakin kaya dan simiskin yang semakin miskin indonesiagelap,negatif
setiap hari liat berita kelakuan pejabat sampai pemerintah indonesia garong kabeh indonesiagelap indonesiapoek,negatif
astaghfirullah laknatullah selalu menyengsarakan rakyat indonesiagelap,negatif
dia ini sama opung menteri segala menteri indonesiagelap ripindonesia,netral
kejaksaan kejar tayang buat naikin survey indonesiagelap kaburajadulu ruukejaksaan kasustimah,negatif
demi efisiensi katanya padahal namanya efisiensi itu sepaket dengan efektivitas efisien tapi jadi gak efektif sama juga bohong itu sih namanya amputasi demi danantara lembaga investasi terbesar di dunia konon budget apbn dipangkas dialihkan ke mereka indonesiagelap,negatif
menuju indonesia bangkrut tidak semua orang punya privilige ikut kaburajadulu ke negara lain buat yang anti negara tarik dana dari bank bumn jangan beli bensin di pertamina jangan kasih makan para koruptor indonesiagelap nkriredup,negatif
anak pintar pilih sekolah gratis karena anak pintar tidak mau indonesiagelap,negatif
menuju indonesia bangkrut tidak semua orang punya privilige ikut kaburajadulu ke negara lain buat yang anti negara tarik dana dari bank bumn jangan beli bensin di pertamina jgn kasih makan para koruptor indonesiagelap nkriredup,negatif
flash voucher produk pilihan kuota terbatas setiap hari dapatkan di shopee indonesiagelap thameposeriesep gofood hemat promo tanggal tua next step for success kamibersamasukatani,positif
makin jelas kepentingan siapa indonesiagelap kaburajadulu mahkamaagungbikinresah timah,netral
pak kira kalau rakyat kita ngajuin untuk bangun negara sendiri dan bapak jadi presidennya gimana pak capek banget sama negara ini pak kasian anak generasi kedepan indonesiagelap ripindonesia,negatif
kasus tidak terbukti tapi hukuman seolah olah dibuktikan dengan penggiringan opini publik dan influencer indonesiagelap revisiuukejaksaan kaburajadulu harveymoeis timah,netral
namanya juga akan ya bisa kapan aja terserah mereka yang mau invest kalau gak jadi berarti ada masalah disini indonesiagelap,negatif
kirain bakal bawa perubahan ternyata sama saja indonesiagelap,negatif
setelah dimasukkan lalu didata langsung kena biaya admin dan pajak tinggi atau mungkin lenyap tak berjejakbehh akalan gerombolan tukang tipu indonesiagelap adilijokowi,negatif
negara ini sedang tidak baik baik saja indonesiagelap hanyamimpi hariprabowogibran kabinetgemuk harveymoeis,negatif
luapan kegembiraan saat di antara kita diresmikan indonesiagelap,netral
kasus ini menunjukkan bahwa dalam sistem hukum kita ada ruang besar bagi ketidakadilan yang berpotensi merugikan siapa saja termasuk harvey moeis indonesiagelap hanyamimpi hariprabowogibran kabinetgemuk harveymoeis,netral
satu satunya bumn yang berani menolak untuk dilibatkan masuk program pemerintah yang sak deg sak nyet danantara bumn yang bernyali dan independen indonesiagelap,negatif
seluruh pengangguran di indonesia bisa dapet minimal sekian jt rupiah sebulan sampe dia dapat kerjaan yang tetap indonesia negara kaya tapi karna ekosistemnya rusak sehingga tikus lebih banyak daripada ularnya indonesiagelap,negatif
justissica news aksi massa solo raya indonesiagelap telah digelar pada rabu februari di dprd surakarta aksi ini merupakan bentuk ekspresi dan bukti bahwa kota solo juga tidak diam melihat apa yang terjadi di indonesia pada saat ini,netral
lumayan indonesiagelap redup,positif
indonesia semakin terang di mata luhut dan kroninya cuma di mata rakyat konoha doang yang melihat indonesiagelap,negatif
seharusnya para buruh yang memilih psgb bersyukur dan mendukung apapun kebijakan dan dampak yang dihasilkan oke gas indonesiagelap revolusisekarang,positif
halah eek orang sekelas arsin kalau pun mau jadi pemalsu bukan laut sepanjang kamu lah niat jahatnya ketinggian luhut masih bingung kenapa orang bilang indonesiagelap,negatif
dia kan cuma mantan pejabat negara ngapain ikutan asli nih indonesiagelap,negatif
berita hari ini kamis phk massal di pabrik besar indonesiagelap nggak lah indonesia cerah banget kata prabowo sampai buzer para para nggak apa apa orang tuanya di phk yang penting anaknya makan siang gratis oke gas oke gas pepaya bahlil ahok pertamina,negatif
seriously mukulin sipil bayangin semua warga kompak boikot aparat selesai mereka di pasar di rumah sakit di jalan di warung tandai mukanya blacklist kasih jera indonesiagelap,negatif
artistbersuara indonesiagelap ayo kita speak up mulai dari sekarang,negatif
sebagai seorang pejabat tinggi pemerintah dimana letak integritas pak dia gak patut jadi pejabat karena tak layak jadi tauladan makin bertambah menteri yang tidak memiliki ketauladanan benaran indonesiagelap,negatif
berbisnis untuk memperkaya perusahaan dan negaranya malaysia kalau berbisnis buat memperkaya para bedebah yang ada di perusahaan dan banditbangsa di instansi diatasnya kehed negeriparabedebah indonesiagelap pertamaxoplosan,negatif
kreatifitas negeri konoha indonesiagelap kaburajadulu,netral
miris tapi nyata indonesiagelap korupsipertamina,negatif
jika memang indonesiagelap kita masih bisa berharap pada terangnya bulan ramadhan,netral
masih mending kalau bbm ada saingannya kita bisa pindah ke selain produk lah klo monopoli abis bisa bener kejadian indonesiagelap,negatif
paling ujung joget gemoy ok gas ok gas hidup jokowi indonesiagelap,netral
kelakuan bajingan mulyono indonesiagelap indonesiandasmu,negatif
kembali ke pengelolanya kalau lihat struktur kepengurusannya indonesiagelap,netral
anjirrrr bangke bangke indonesiagelap,negatif
para tersangka korupsi masih dikasih fasilatas masker buat nutupin komuk indonesiagelap indonesiakorupsi pertamina pertamax ahokbumn kejaksaanhukum,netral
panjang umur perjuangan indonesiagelap,positif
dengan setoran baru tahun mana mungkin cuma direktur anak perusahaan omon omon kabinetkorup indonesiagelap,netral
pejabat koruptor dpr komisi xi hingga esdm blunder lagi nantinya mereka bakal kaget jika bbm oplosan ditemukan oleh seorang saksi mata rezimkoruptor indonesiagelap,negatif
isinya premium itu kisah lama setiap ada kasus korupsi besar negara terungkap selalu ada yang terbakar kemarin sertifikat laut kebakar indonesiagelap kabinetkorup presidenbarusetoranbaru,netral
kukirimkan untuk pak hastonya indonesiagelap,netral
bangsat indonesiagelap indonesiandasmu,netral
ya allah berilah hukuman di dunia dan akhirat bagi orang orang yang menyengsarakan rakyat indonesiagelap peringatandarurat,negatif
di lautan yang menelan nurani mereka yang teguh menjelma lentera rapuh tapi abadi bukan yang hanyut meretas zaman melainkan yang berani menantang gelombang indonesiagelap,negatif
saya tidak setuju koruptor di hukum penjara lepaskan lah langsung ke jalan biar rakyat yang jadi pengadil jokowi prabowo indonesiagelap beritaterkini,negatif
bener kan apa gw bilang monyetmonyet sampah masyarakat itu cuma bikin drama adu bacot doang ujungujungnya si ucon bawa kabar kabur soal aduan yang diusahakan tetap bebas mengorbankan arsin silurah kehed itu aduan cacing pemodal besar dalam pilpres wiwi sampai wowo indonesiagelap,negatif
biadab indonesiagelap,negatif
selain pelopor kaburajadulu ternyata beliau juga pelopor indonesiagelap benar benar visioner,positif
pantes gelap ternyata aph nya juga bersikap gak jelas indonesiagelap kaburajadulu timah babel,negatif
ketuhanan yg dinistakan kepemimpinan yang zalim dan biadab perpecahan indonesia kerakyatan yang dicurangi oleh hikmat kebohongan dalam permusyawaratan para tikus keadilan sosial bagi seluruh pejabat indonesiagelap,negatif
ini pikirannya gimana si kok pada kebolakbalik masalah yang paling serius ada diatas ngapain yang diuber sampai ditempeleng yang bawah beneran ini indonesiagelap,negatif
udah korup nginjak ham sekarang malah bawa bawa zionis indonesia makin absurd coy indonesiagelap,negatif
dan kabinet nya pak sibuk bersih daripada bekerja selamat malam all indonesiagelap,negatif
kasusnya apa yang dijelasin apa hadeh gini amat dah punya negara indonesiagelap,negatif
mereka punya cuma kalau udah masuk pemerintahan wajib dilepas jadi yah makanya indonesiagelap terus,negatif
besok korupsi apalagi siapkan mentalmu indonesia sedang tidak baik saja indonesiagelap,negatif
sudah monopoli dikorupsi lagi benar benar indonesiagelap sementara itu kasus kasus psn pagar laut pik rempang morowalidan danantara sementara nyingkir oleh pertamax oplosan apalagi adilijokowi dan makzulkanfufufafa,negatif
sumpah indonesia kacau banget mulai dari efisiensi danantara korupsi terus saham jadi jeblok banget pulihnya kapan ya indonesiagelap gws,negatif
telur mahal rakyat disuruh bertelur logika sampah indonesiagelap,negatif
makin jelas kepentingan siapa indonesiagelap kaburajadulu mahkamaagungbikinresah timah,netral
bayangin rosan dagang danantara ke investor asing dengan omongan kayak gitu omg were so doomed indonesiagelap,negatif
percayalah tingkat ketidakpercayaan masyarakat kepada pemerintah akan mengalami penurunan total silahkan lakukan survei bagi lembaga survei tapi jangan dilakukan oleh lembaga survei pesanan selama ini indonesiagelap,negatif
bayangkan itu semua untuk memperbaiki sektor pendidikan sektor infrastrukstur dan hal positif berguna lainnya sudah seharusnya koruptor dihukum mati bukan membayar denda dan membayar segala lini untuk mendapatkan keringanan hukuman kill them indonesiagelap,negatif
akhirnya masih banyak yang menjadi bijak dalam memutuskan kemana harus berlabuh setelah kapal tangker pertalite disulap jadi pertamax oleng dan dioplos walau mahal itulah perlawanan dan itu akan menjadi teguran keras sampai peringatan bahaya bagi pemerintah indonesiagelap daruratakhlak,negatif
lah ini kan anggota dpr kok mendengar arahan dari udah seperti dulu harmoko mendapat arahan soeharto memang indonesiagelap,negatif
salus populi suprema lex esto mt cicero kedaulatan keselamatan rakyat adalah kebijaksanaan hukum tertinggi indonesiagelap indonesiagelap adilijokowi,positif
dengerin rosan debat sama raymond chin di rosi gue tarik kesimpulan masih lebih meyakinkan sales mlm kalo dagang anjir indonesiagelap,positif
kasus migas timah nikel sawit serta kasus kasus lain menjadi bukti negeri ini menjadi negeri para mafia nyatanya memang indonesiagelap itu nyata kekayaan alam didalamnya digunakan untuk memakmurkan mafia,negatif
pejabatnya main tentara tentaraan aparatnya main serbu serbuan badan usahanya main oplosoplosan uang negara di mainmainkan lewat investasi pendidikannya fokus isi perut daripada isi otak indonesiagelap indonesiaemas,negatif
anjaaaay speechless lelah sama menteri wamen utusan khusus dan prabowo frenz lainnya bisa jangan pada asbun nggak sih gini nih cara komunikasi pemerintah indonesiagelap,negatif
kasus ini menunjukkan bahwa dalam sistem hukum kita ada ruang besar bagi ketidakadilan yang berpotensi merugikan siapa saja termasuk harvey moeis indonesiagelap hanyamimpi hariprabowogibran kabinetgemuk harveymoeis,netral
indonesiagelap gatau kapan terangnya,negatif
bro pikir bro masih presiden indonesiagelap,negatif
astaghfirullah indonesiagelap saveorangutantapanuli missinglink,netral
ingat lagu bang iwan jadilah penjilat yg paling tepat indonesiagelap tambahgelap makingelap gelapgulita suram hidup anies baswedan,negatif
sehat untuk para pemimpin hancur untuk indonesia indonesiacemas apakah danantara mampu menghasilkan t dalam waktu tahun seperti halnya kartel migas yang telah menggasak t dari bbm oplosan dalam waktu tahun indonesiagelap,negatif
pantas prabowo menolak indonesiagelap sekelas kades aja punya uang m,netral
orang orang koruptor junjungannya mulyono sudah banyak ketangkap oleh kejagung hingga kpk ternak mulyono amp mulyono pasti kaget jokowipredatorkorup rezimkoruptor fufufafaaibnasional indonesiagelap,negatif
tanpa putusan pengadilan pt jasindo bumn bisa bisa nya melakukan eksekusi mengambil paksa rumah bpk rasikin hukum suka suka indonesiagelap indonesiagelap,netral
kamu dimana kak adilijokowi darkindonesia daruratkorupsi indonesiagelap mahasiswa,netral
harusnya semua yg terkait dgn persekongkolan tsb dihukum gantung setelah semua asset kekayaan mrk disita oleh negara pasti sesak di dada seluruh rakyat republik ini dpt menjadi lapang kembali indonesiagelap indonesiagelap adilijokowi adilijokowi,positif
efek domino korupsi indonesiagelap,netral
lagi cape banget sama kasus korupsi indonesia kayaknya yang ini bakal jadi sejarah tentang korupsi ternyesek di negara ini maraknya hastag kaburajadulu dan mirisnya hukuman koruptor tidak seberat itu di negara ini indonesiagelap,negatif
indonesiagelap bayarpolisi bayarpolisi bayar bayar polisi polisi lagi one day one case oknum polisi kuhp kasi uang habis perkara kalau bisa dipersulit ngapain dipermudah priiit priiit priiit k sekarang memalukan menjijikkan disgusting,negatif
kawinin aja indonesiagelap makingelap tambahgelap gelapgulita suram,negatif
kuadriliun seberapa byk lembarnya cok mmg koruptor tai abis ini yg byr kerugian y masyarakat dri pajak naek pajak usaha pajak konser inilah itulah shame on you koruptor² hama indonesiagelap kaburajadulu,negatif
rame rame pindah negara indonesia cemas indonesiagelap,negatif
kek taeek kerja klian pantas saja jokowi gibran pun ijasah tak jelas bisa lolos indonesiagelap adilijokowi,negatif
hebat min kelen juara tiga periode ke depan tingkatkan lagi ya biar dapet ranking satu indonesiagelap,positif
ratapan ibu pertiwi indonesiacemas indonesiagelap cintaindonesia bangkitindonesia jayaindonesiaku,positif
indonesiagelap krn emang udah malem he he he,negatif
kirain mo negasin oposisi ternyata oposisi taik kucing indonesiagelap,netral
jokowi jilid dua ndasmu indonesiagelap,netral
rakyat mengumpat tdk masalah brolah ini yang mengumpat ndasmuuu plesiden bro apa kata dunia punya presiden mulut nya mulut comberan sekeraskerasnya pak harto tapi mulut pak harto masih berwibawa tdk salah jika keluarga cendana mengusir bowo indonesiagelap,negatif
pantes gelap ternyata aph nya juga bersikap gak jelas indonesiagelap kaburajadulu timah babel,negatif
adu narasinya kaya bocah sekelas menteri yatuhan ya perusahaan itu nyuruh orangngehire orang buat nanam itu pagar intinya tetep yg nyuruh orang itu ya perusahaan goblok menteri kok goblok narasinya indonesiagelap pagarlaut,negatif
lepas dari mulut pinokio masuk mulut buaya buntung indonesiagelap daruratindonesia makingelap gelapgulita suram,negatif
sudah ngomong gak berani jawab itu lah si bambang hero kejagung t indonesiagelap kaburajadulu revisiruukejaksaan,negatif
para para pemimpin dan juga konglo negeri ini kan orangnya bersih mbah dan integritasnya sangat tinggi yang bobrok dan bajingan mah cuma bawahan baca kacungnya aja iya nggak kondisi kek gini kok ga percaya kalo indonesiagelap emang susah kalo jadi oplosannya wiwi,negatif
bayangin dan gak di hukum mati karna mikiran ham dia keterlaluan indonesiagelap,negatif
batuk batuk indonesiagelap indonesiacemas bycorruptfromcorruptforcorrupt,netral
baru menjabat aja udah terbukti kkn pecatyandrisusanto indonesiagelap adilijokowi,netral
megawati diperiksa jadi tersangka langsung ditahan agar indonesia bubar tak perlu nunggu kelamaan indonesiagelap,netral
para maling uang negara yang bilang terang ndasmu peyokkkkkkk indonesiagelap,negatif
nggak kerjaan ininegrikriminal daruratkorupsi indonesiagelap darkindonesia darkpik,negatif
nggak kerjaan ini negri kriminal daruratkorupsi indonesiagelap darkindonesia darkpik,negatif
ternyata ada yang lebih bobrok dari emyu indonesiagelap,negatif
ngomong apa dia mana bisa dipercaya lebih baik emas berada di masayarakat drpada ntar kau embat indonesiagelap adili,negatif
begini nih kalo udel dikasih nyawa indonesiagelap ckckck,negatif
bangsat emang kalian pikir masyarakat bodoh dasar para pejabat korup indonesiagelap,negatif
soalnya yang gelap sudah indonesiagelap saja,negatif
indonesiaterang buat para maling pengemplang penyamun kekuasaan indonesiagelap,negatif
nggak kaleng ni kades ininegrikriminal indonesiagelap darkindonesia darkpik,netral
pemecatan vokalis sukatani skandal besar di balik pintu tertutup mekanisme yayasan yang terlalu gelap transparansi tak pernah ada maxyourscore karinaxpradafw ronaldinhoadadishopee pertaminasarangkoruptor pertamaxoplosan indonesiagelap,netral
mending balik ke cina dah lu idup dah enak jadi researcher disana kerjanya jelas juga di cina sana mending mengundurkan diri dari negara hancur ini indonesiabubar indonesiandasmu indonesiagelap,negatif
ide bagus nih buat stock mock up gedung atau baliho yang bingung dipake buat apa hahahahaah indonesiagelap adatamakdalampertamak,positif
mahasiswa dari beberapa kampus di solo raya kembali menggelar aksi lanjutan di depan kantor dprd kota solo pada kamis sore indonesiagelap,netral
ngapain nih org korup msh main presidenan gila si wowo biarin aja si wiwi msh berkuasa sakit nih negara indonesiagelap,negatif
aturananticintajkt ayu dewi hancur nenek regi datau wafat secara mengejutkan dugaan kuat ada skandal gelap di balik kepergiannya karinaxpradafw ronaldinhoadadishopee caineinblack pertaminasarangkoruptor pertamaxoplosan indonesiagelap,netral
bocil kosong anak haram konstitusi indonesiagelap,netral
mo apa cak ininegrikriminal indonesiagelap darkindonesia darkpik,netral
berita buruk muncul setiap hari kebijakan dibuat tidak berpihak kepada rakyat yg menyebabkan aksi demo beberapa minggu lalu memang betul tajuk indonesiagelap hanya berlaku untuk rakyat buktinya mereka yg menjabat sedang bersenangsenang,negatif
terus kenapa nggak dibebasin ini bener contoh betapa indonesiagelap,negatif
selama msh gandeng kita doakan nyungsep indonesiagelap,netral
tidak salah kalau indonesiagelap,negatif
percayalah banyak kd itu sdh ingin pulang dari magelang salah alasannya mungkin karena pasca dilantik blm masuk kantor kecuali beberapa kd dari yg sempat menunda keberangkatan kemarin hal lain mungkin karena banyaknya biaya pilkada kemarin indonesiagelap,netral
jt itu buat operasional lho jd anggarannya buat action pengadaan ini itu ya ga ada sebenernya ini alusnya ya mau dbubarin aja itu knd buset dah jtthnpropinsi indonesiagelap,negatif
kuasa hukum baim wong bantah isu kdrt antara baim wong dan paula verhoeven sebut berita itu tidak berdasar karinaxpradafw ronaldinhoadadishopee caineinblack pertaminasarangkoruptor pertamaxoplosan indonesiagelap,negatif
tetap indonesiagelap meski pfp gemes,positif
biarin aja bentar lagi youtube podcast dibatasi biar miskin ladangnya di bakar kayak hotman waktu kenaikan pajak hiburan indonesiagelap kabinetkorup,negatif
negara penghilang barang bukti padahal penghilangan barang bukti adlah kejahatan terbesar dalam rekam jejak manusia km kebakarannya pusat arsip bukti lejahatan di indonesia indonesiagelap,negatif
pertamina tegaskan pertamax tak pernah dioplos kualitas yang dijaga dengan harga jutaan namun ada rahasia besar yang disembunyikan ronaldinhoadadishopee caineinblack pertaminasarangkoruptor pertamaxoplosan indonesiagelap,negatif
indonesiagelap semakin gelap karena partai setengan inci,negatif
gini amat punya ketum indonesiagelap,positif
gak mungkin dong di pecat presiden sendiri juga jasil cawe cawe masak jeruk makan jeruk indonesiagelap,negatif
tsundere rkj pake kacamata item gara gara indonesiagelap kah jot,negatif
berkhayal ditengah indonesiagelap,negatif
binatang jahanam memang indonesiagelap,negatif
negara hampir bangkrut mending simpan di rumah kalau sudah bangkrut mala makin besar keuntungannya seperti krisis dulu indonesiagelap kabinetkorup,negatif
gelapnya dunia pendidikan di indonesia gaji guru di bos tertera rp tetapi yg diberikan ke guru hanya rp bajingan indonesiagelap indonesiagelap,negatif
makin jadi dah indonesiagelap indonesiagelap,negatif
bagaimana investor asing mau menginvestasikan uangnya di indonesia kalo di indonesia itu banyak tikus tikus berdasi penanganan kasus yang selalu redup dan hukuman yang sama sekali tidak setimpal dengan yang mereka berbuat indonesiagelap,negatif
dari gambar dibawah ini kita tahu siapa sebenarnya si wowo revolusisekarang indonesiagelap,netral
mungkin mau mencontoh keluarga mulyono indonesiagelap,netral
maklum iseh rame indonesiagelap,negatif
menurut haidar alwi revisi undang kejaksaan akan mengulang kembali tragedi tolak ruu kejaksaan indonesiagelap,netral
perlu adanya mogok kuliah pak dosen sebagai wujud ketidak sesuaian kebijakan dengan makna tri dharma perguruan tinggi satu sisi kuatkah guru² kami survive mengajarkan kami tanpa menerima haknya yg telah diatur oleh undang undang indonesiagelap,positif
bacot aja gede nyali ciut lu basmi koruptor di lungkaran lu dulu brani ga lu cc in uu perampasan aset miskinkan koruptor lu kan dah di pucuk dpr pun di kuasai oleh koalisi lu slogan selalu rela mati untuk rakyat ndas mu indonesiagelap,negatif
indonesiagelap ndasmu penjilat mulyono terbukti kembali mengotori wajah pemerintahan baru,negatif
orang gada guna masih dipake aje indonesiagelap,negatif
ada pertanyaan apakah mafia migas diternak oleh rezim yg lalu gw jawab iya negara kita dikepung oleh korupsi akut yg menyakitkan rakyat inilah yang kita sebut indonesiagelap sedangkan elite tak merasakan kegelapan itu mereka tak tau rasanya miskin,negatif
jaket motor pria bahan parasut jn waterproof furing billabong adem tidak panas varian size m xl harga dm bumn danantara spbu pertamina pertalit pertamax ron riza chalid indonesiagelap,netral
kapan lagi bisa lepas hutang pinjol dan dapat modal usaha cumacuma aplikasi pinjol jadi momok menakutkan amp sering memakan korban jadi kini saat kita balas mereka siap melayani kaburajadulu indonesiagelap indonesiaemas,negatif
bubarkanpolisi ripindonesia indonesiabubar indonesiagelap mulyonodajjal sosok dajjal bereujud jokowi ada di indonesia tipu daya nya sungguh dahsyat tanda kiamat sudah dekat,negatif
yang ini semoga ada balasan dari si coklat biar seru indonesiagelap kabinetkorup,netral
anak berhadapan dengan hukum butuh penanganan khusus quadriliun indonesiagelap,netral
mari gerakkan revolusi sosial kalau begitu bung banyak rakyat siap ikut indonesiagelap,negatif
menteri begini kok masih dipakegimana menuju indonesia emas indonesiagelap,negatif
jaket pria casual formal bahan cotton baby canvas premium adem tidak panas dan lembut furing katun aclirik varian size m xl harga dm bumn danantara spbu pertamina pertalit pertamax ron pertaminasarangkoruptor indonesiagelap,positif
berharap apa pertamax aja di oplos indonesiagelap,netral
itu karena rakyat diem bae kagak bisa ngadilin mulyono laknat ini kata terpercaya dia saat ini masih kalo kalean bisa ngalahin saya hebat indonesiagelap kapan,negatif
haus demokrasi dukung aksi dengan kesegaran di tengah panasnya aksi di jalanan saat indonesiagelap minggu lalu haus hadir buat kasih dukungan lewat bagibagi minuman gratis karena suara rakyat itu penting dan perjuangan butuh tenaga biar gak kehausan pas teriak,positif
kalau kehabisan stock pertalite bisa ganti ke pertamax kok sama aja indonesiagelap,netral
breaking news kilang minyak cilacap kebakaran negara rugi lagi bukan cuma karena korupsi tapi juga percikan api hmmmm pen curiga sih tapi takut dimatamatain kang siomay depan rumah indonesiagelap,negatif
presiden sedang bersihbersih pemain lama pengen ganti semuanya dengan pemain baru yang bisa aja lebih kotor indonesiagelap peringatandarurat,netral
bukan matahari di indonesia tapi gerhana matahari wajar lah indonesiagelap,netral
neginipenuhdg koruptor mafia kkn preman markup tkparkir tambang penegakan hukum kemana aparat hukum lapangan kerja s pd ngojek phk begal rampok babathutan pertamina pejabattitipan pejabatgiveaway kaum elite warga kls satu apaygtersisatukwarga apasaatnyatataulang indonesiagelap,negatif
gila capek banget sama pejabat mana minta anggaran pemilu ulang hampir t cuma karena masalah admin yang ndk teliti udah mah syaratnya gampang gini aja masih ndk teliti pilkada bermasalah masih ngelak indonesiagelap lucu emang orangorang denial,negatif
indonesiagelap ndasmu,negatif
warisan rejim mulyono yang menghalalkan segala cara demi tercapainya tujuansudah saatnya bagi pemerintahan baru untuk menyingkirkannya dari pemerintahankabinet please note kebijakannya terkait gas bersubsidi kg belum lama ini indonesiagelap ndasmu,netral
akibat pertamina pagar laut danantara indonesiagelap sampe mbg hanyut,netral
kalau cuma bermimpi anak kecil jauh lebih bisa kalau mau ngarang orang gila jauh lebih bisa kalo mau ngeramal dukun jauh lebih bisa indonesiagelap,negatif
pokoke indonesiagelap,positif
apa ini untuk menghilangkan alatbukti hanya allah swt yang tau ramadan ramadhan daruratkorupsi indonesiagelap adilijokowi jumatberkah pertaminasarangkoruptor pertamax pertamaxoplosan,netral
mereka di indonesia negara koruptor terbesar di dunia kabinetkorup indonesiagelap pagarlaut,negatif
ini yang jahat siapa sih rakyat yang perutnya lapar atau pejabat yang buncit karena rakus indonesiagelap,negatif
sumber waras pengadaan bus way dari china dimana dia berada selalu ada kasus korupsi diakan di indonesia negara koruptor terbesar di dunia kabinetkorup indonesiagelap pagarlaut,negatif
berarti kan kita gak miskin tapi pemerintahnya aja yg skill issue serakah pula kalo dibagibagi cuma ke kelompoknya aja rakyat mah dikasihnya cuma remahanremahan upil belum lagi ormas buzzer yg siap provokasi rakyat dah lah indonesiagelap,negatif
sumber waras pengadaan bus way dari china dimana dia berada selalu ada kasus korupsi diakan di indonesia negara koruptor terbesar di dunia kabinetkorup indonesiagelap pagarlaut,negatif
kurang tolol apa coba yang bermasalah pertamina yang disidak spbu shell indonesiagelap indonesiandasmu,netral
indonesia sedang mode gelap indonesiagelap tapi rakyatnya yang tangguh dimenghadapi kegelapan terima kasih orang tangguh dan orang yang menjaga kewarasan,positif
mau ngarep apa dari pemimpin en pemerintahan yang model gituan modal oplos konstitusi en rekam jejak di masa lalu yang kelam indonesiagelap,negatif
dia juga kayaknya yang bantu atur waktu disorot kabur begitu sudah ada tumbal jadi bahan laporan bisa nggak sih sesekali diusut tuntas indonesiagelap,negatif
jawaban demo indonesiagelap diresmikannya danantara korupsi kuadraliun oleh pertamina dan dinyinyir mana ada indonesia gelap sama presidennya sendiri gelooooo,negatif
main di exabet bisa jajan apa aja pertaminasarangkoruptor pertamax pertalite korupsipertamina pepaya liverpool exabet slotgacor cewekmontok bumn ahok arsenal pertegashukumindonesia indonesiagelap indonesianidol danantara timnasindonesia balapliar,netral
baru jabat kedes udh tenggil bnget ahlak ga di pakai gmna mau maju negri in kualitas i pemimpin nya di bawah rata ga ada program amp inovasì selama mnjabat tau nya cuma trima gaji korup uang rakyat tp heran nya bs kepilih yg model odong indonesiagelap,negatif
ternyata memang sudah mendarah daging dri dlu indonesiagelap,positif
makin meroket indonesiagelap indonesiandasmu,netral
memang semakin aneh saja pemerintah saat ini rakyatnya diperas habishabisan sedangkan uangnya dipakai untuk investasi danantara yang tidak jelas pertanggungjawabannya ganjarpranowo oposisi danantara kaburajadulu indonesiagelap,negatif
so masih bilang salah kalo ada tagar indonesiagelap,negatif
misteri terselubung yang masih belum terungkap dalam kasus ini memerlukan investigasi lebih lanjut untuk memastikan bahwa hakhak buruh dan masyarakat papua dilindungi bersihbersih indonesiagelap lacasadelosfamososcol,netral
sekedar ide gimana kl koruptor di penjara cukup thn aja tapi tiap hari tarung gladiator sama macan babi hutan gorila indonesiagelap boycotpertamina,negatif
hrsnya hukuman koruptor diperberat min th makin gede korupsinya makin berat hukumannya sampe hukuman mati disita semua harta hasil korupsinya denda trus jg hrs adil tidak tebang pilih siapapun hrs diadili ganyangkoruptor indonesiagelap,negatif
rakyat bantu rakyat tni dan polisi bantu oligarki indonesiagelap,netral
presiden baru tapi cara menangnya pemilu sama dengan yg presiden lama x nyapres dimenangkan tapi dengan syarat harus melanjutkan program presiden lama ora kacek sama jugak sami mawon indonesiagelap,netral
please kawal danantara tp kawalnya gmn indonesiagelap,netral
modelan kayak gini jadi menko pangan hadeuh indonesiagelap,negatif
takut aguan indonesiagelap adilijokowi prabowoarogan darkindonesia,netral
rakyat sudah muak dengan orang yang kkn tolong pak presiden buat undang miskinan bila perlu hukum mt untuk pelaku kkn kaya negara china jgn terbentur ham pelaku kkn jg melanggar ham ke masyarakat untuk menerima manfaat dari negara indonesiagelap,negatif
ini orang jabatan nya apa sih nepotisme indonesiagelap darkindonesia adilijokowi prabowoarogan,negatif
indonesiagelap literally ooiii mau zoom lama nih,negatif
ndut anak bayi skrg tak tidur senyenyak ini lagi indonesiagelap,netral
ini namanya indonesiagelap,negatif
ndasmu urusin tuh pertamina indonesiagelap adilijokowi,netral
aksi masa aliansi mahasiswa dan rakyat sipil di kota bengkulu bumi raflesia melawan kembali memakan korban dari represifitas aparat dalam aksi indonesiagelap terdata ada orang yang menjadi korban dari kekerasan instansi kepolisian hidup korban jangan diam lawan,netral
bermula ijazah palsu janji palsu produksi mobil palsu buat modal propaganda pemilu yang dimenangkan dengan angka terindikasi palsu lalu berturut kejadian event uang palsu dan bbm palsu belum terhitung kebahagiaan palsu dan perempuan palsu di medsos indonesiagelap,negatif
sm langsung bikin grup anti o cocok ikii geg hastag indonesiagelap pehh josss iki,positif
lanjutkan reformasi atau indonesiagelap,netral
bersihbersih barbuk indonesiagelap,positif
mukenya pada lugu polos gitu tapi kelakuannya ntu kek babi ape aje dimakan rakus bener kelakuan loe pade lebih dari garong raja garong nenek moyang garong demitnya demit garong koruptorhukummati pertaminasarangkoruptor pertamaxoplosan indonesiagelap,negatif
indonesiagelap cilik kabeh,negatif
mau bangettt ikut revolusi di indonesiagelap udah muak dengan korupsi ini,negatif
dilakukan di kala senja sesuai dengan tema yaitu indonesiagelap hmmm indie banget,negatif
diduga nanti danantara bukan objek penyelengara negara yg tak tersentuh audit dan pertanggung jawaban hukum jika terjadi penyimpangan seperti ini makin indonesiagelap indonesiacemas atau indonesiaterang sieh jangan tanya buzzee selama proyek ada logika kebalik balik,negatif
muka jelek riwayat akademik jelek kebijakan jelek partai jelek akhlak jelek sebagai lulusan ui gue memberikan saran untuk ui lebih baik keluarkan aja si bahlil hanya memberikan citra buruk aja indonesiagelap peringatandarurat,negatif
yg masyarakat indonesia mau itu simpel aja sih ga aneh aneh kok sahkan uu perampasan aset para koruptor sampai dengan korupsi di atas m hukum mati para koruptor dengan korupsi di atas m indonesiagelap,negatif
danantara komplotan koruptor indonesiagelap viral viralindo viralterbaru,netral
darkindonesia darkindonesia cause kentutomonomon indonesiagelap muke paling afdol kalo digebukin se indonesia,netral
kejaksaan kejar tayang buat naikin survey indonesiagelap kaburajadulu ruukejaksaan kasustimah,negatif
kadang berfikirbangsa kita manage sampah rumah tangga aja belum bisaskrg mau manage investasi danantarabeneran ta ini danantara vina indonesiagelap,negatif
indonesiagelap bangsa indonesia sedang mengalami krisis definisi energi nasional bumn swasta koperasi mangkrak ruu koperasi berprinsip my planningprocesses macet inefficiency rpp kebijakan energi nasional,netral
gelo langit semarang gelap banget malem ini sambutan untuk indonesiagelap kah,negatif
real sampe buat tandingan semu liat aja bahkan mereka mau nyamain dresscode demo indonesiagelap cc,negatif
akhirnya darius join lawan pejabat koruptor rezimkoruptor indonesiagelap,negatif
perjuangan belum selesai indonesiagelap,negatif
penghilangan barbuk di pertamina yang disidak dpr ri malah shell wkwkwkwkwk lawak pertaminapenipu indonesiagelap,negatif
kasus pertamax kalau ditotal hampir kuadriliun itu baru dari perusahaan bumn apakabar itu danantara yg akan mengelola semua aset negara apakah akan terus menghancurkan negeri demi memperkaya diri pertamax indonesiagelap,negatif
parade senja tiba tiba mati lampu sangat memalukan indonesiagelap,negatif
ga bisa di samain bang makanya bener tuh indonesiagelap,negatif
semogaa bisa yaa nunggu si gendut iu turun jabatan karna klo masi dia yg menjabat rasanya mustahil indo bisa maju indonesiagelap,negatif
makin jelas kepentingan siapa indonesiagelap kaburajadulu mahkamaagungbikinresah timah,netral
tokoh terkorup dunia dipiara pemerintahan saat ini indonesiagelap,negatif
mulyono tau tapiwe know laaaa indonesiagelap indonesiagelap,netral
tolak mbg mk coco ikutan demo indonesia gelap ongezellig indonesiagelap,netral
bali indonesiagelap,positif
terus bagaimana membuat mempertanggungjawabkan semua itu pdip sebagai partai pengusung juga sudah memecat jokowi jadi dari avenue mana jokowi bisa dihukum ugm sebagai institusi yang diperalat namanya mungkin bisa menuntut tapi apakah mau indonesiagelap,negatif
aneh nya negara menipu rakyatnya indonesiagelap,negatif
tps pilkada se indonesia ternyata harus diulang biaya siapa rakyat lah dari mana duitnya entahlah indonesiagelap darkindonesia check out deddysitoruss video tiktok,netral
yg daerahnya ada spbu non plat mrh selamat ya spbu pindah ke swasta dana di himbara pd pindah jg le swasta nanti apalagi begini msh denial kl indonesiagelap,netral
tapi mahkamahnya mk paman percumaaaaa indonesiagelap indonesiagelap,negatif
harusnya erick juga bertanggung jwb atas kejadian ini ini korupsi besar²an duit rakyat hanya dinikmati sendiri bersama keluarga kolega dan kerabatnya indonesiagelap hukum dipermainkan oleh rezim abal abal,negatif
aduhhhh ini benar² indonesiagelap jadi gelap gara² nih orang,negatif
pernikahan selama belasan tahun berakhir begitu saja apa alasan sebenarnya fakta mengejutkan terungkap asricerai faktamengejutkan beritaviral rumahtangga trendingnow indonesiagelap kaburajadulu pertamax pertamina pertalite spbu mygoldenblood,netral
untuk memuluskan proyek china one belt one road betulkan pak masak anda diam aja sejengkal nkri dirampas kalau direbut paksa kembali aja gimana setuju gak kalau gak di bombardir aja pik amp indonesiagelap luhut,negatif
makanya keliatan kan yg demo mahasiswab ori sama yg bayaran itu jelas bayaran orang indonesiagelap,negatif
indonesiagelap buat rakyat tapi terang benderang buat pejabat korupkroni,negatif
hahaha puji bahlil indonesiagelap,positif
breaking news kilang minyak cilacap terbakar wownegara bakal merugi lagibukan cuma kerugian efek korupsi tapi jg efek percikan api hmmmmmm pen curiga tapi takut sama kang siomay depan rumah indonesiagelap,negatif
gelap gelap dah indonesiagelap,negatif
ada multiple orgasme dooong indonesiagelap indonesiagelap,netral
alangkah baiknya presiden dan membuat uu baru tentang korupsi bab i ayat pelaku korupsi di pelihara oleh negara indonesiagelap,negatif
belum oplos jadi pertamax tapi tangki pertalite di area lomanis kilang pertamina cilacapjawa tengah terbakar kerugian negara ulah babi ngepet direksi pertamina pun rp triliun bukan rp triliun indonesiagelap indonesiacemas,negatif
anjir begitu bahagianya jadi pejabat di negeri konoha ini pak warga tertindas tetap aka oke gaez oke gaez indonesiagelap,negatif
dari kepala sampai ekor korupsi semua gaess emang bener bener negara ini hancur dari segala aspek indonesiagelap indonesiacemas korupsi kotacirebon pdam,negatif
seperti becus indonesiagelap indonesiagelap,negatif
negri sdh merdeka indonesiagelap adilijokowi,netral
ton dibagi buat elite dan keluarga saja masih kurang waduh indonesiagelap,negatif
liat rakyat mu pak kebutuhan dasar dulu baru investasi indonesiagelap indonesiakasian danantarakonspirasijahat tolakdanantara pagarlaut,netral
negri sdh merdeka indonesiagelap adilijokowi,netral
boro diperlakukan begitu disini semua aja di pajakin indonesiagelap indonesiacemas,negatif
kata di kabinetnya orang² hebat bro bukankah salah satu nya ndasmu indonesiagelap adilijokowihargamati,positif
numpang spotlight di kolom komentar coba refleksi minggu terakhir apa yang lenyap oh ya pagar laut ilang danantara hampir hilang demo indonesiagelap juga ilang,negatif
jangan main tapi sungkem dulu sama sang raja korup dan gratifikasi sepanjang masa indonesiagelap,negatif
lah terus ron berapa indonesiagelap pertaminasarangkoruptor pertamaxoplosan pertamax pertamaxpertalite pertalite tanpa antri,negatif
gw inget nyumpahin sby gara century t dan perang komen di komentar ternyata itu sudah jauh terlewati seakan akan udah beda jaman indonesiagelap,negatif
hidup jokowi hidup jokowi hidup jokowi ndasmu indonesiagelap,positif
update dpt tsk baruperkiraan capai lbh dr t gilak aja dah awowkwkwowk indonesiagelap,negatif
update dpt tsk baruperkiraan capai lbh dr t gilak aja dah awowkwkwowk indonesiagelap,negatif
rakus indonesiagelap,negatif
tolak proyek ikn kalimantan tolak amp tolak pemindahan ibukota negara indonesia dengan secepat nya amp sekarang dki jakarta tetap ibukota negara indonesia nkri adilijokowi adiliaguan indonesiagelap reformasipolri copotampgantipimpinankpk bayarpolisi,netral
gak usah dituntut aja pak jaksa biar rakyat gak bingung siapa yang dibantu dan disubsidi pemerintah lewat pertamina indonesiagelap kaburajadulu,negatif
negri sdh merdeka indonesiagelap adilijokowi,netral
tolak amp tolak proyek pik yang ber kedok psn dengan secepat nya amp sekarang adilijokowi indonesiagelap tangkap amp adili jokowi aguan cs ganyangfufufafa ganyangkoruptor hukummatidanmiskinkankoruptor indonesiamilikamppunyarakyat makzulkanfufufafa,negatif
negri sdh merdeka indonesiagelap adilijokowi,netral
ini orang airlangga bahlil budi arie adalah kriminal terbesar di kementrian indonesiagelap,negatif
borok si bajigur tulul sebiji demi sebiji mulai terungkap berapa zohlimnya dia sbg plersinden cenasuwok indonesiagelap,negatif
indonesiagelap program makan siang gratis menyita apbn,netral
dengerin nih indonesiagelap indonesiakasian danantarakonspirasijahat tolakdanantara pagarlaut,netral
astaga masih aja satuharisatupolisijahat di kala indonesiagelap ini,negatif
pematerinya aja bermasalah mau jadi apa negara ini indonesiagelap,negatif
kata siapa pea itu menteri banyak yg korup aman bae indonesiagelap,negatif
pemadaman listrik berulang lagi mau sampai kapan sudah ada tahun lebih sampai tangan kamu putus pastinya insyaalloh tidak bakalan berkah pertamax pepaya indonesiagelap,negatif
semua permasalahan kelar klo duit negara ga kena korup mulu mah ga ada tuh efisiensi efisiensi kentuttt,negatif
kan menurut gw kmrn kita demo nih udh satu aja dulu permasalahan utama nya adain uu hukuman mati buat pelaku korup tanpa ampun pkok nya diatas m hukum mati di atas triliun hukuman mati buat satu keluarga ny g ada yg bkal berani cok korap korup sebegitu bnyk ny iblis,negatif
artistbersuara indonesiagelap amburadul abis pertamina apa lagi kira,negatif
ini bahan bacaan yang vibesnya kaya baca dongeng,positif
bener biadab indonesiagelap adili,negatif
msh lama pergantian presiden udh ga betah dng situasi amp kondisi skrng fix pilih yg berkualitas amp berahlak biar negri ini bisa bebas dr koruptor omon indonesiagelap,negatif
cakeeep daftarnya bukti nyata indonesiagelap,positif
hiswana migas selaku fasilitas spbu jg diam saja indonesiagelap,negatif
kasus oplosan pertamax peran pengawasan bp migas kemana ya dr lalu yayasan perlindungan konsumen kok diam aja ya tidak ada gebrakan ny indonesiagelap,negatif
apa yg perlu kita tuntut kepada pemerintah amp apa pula yg perlu kita kerjakan bersama selengkapnya di keeptalking eepsaefullohfatah indonesiagelap peringatandarurat prabowo gibran efisiensianggaran proyekstrategisnasional makanbergizigratis,netral
negri sdh merdeka indonesiagelap adilijokowi,netral
kapan bisa dibikin sadar kalau dia sudah bukan presiden ya dia masih pakai lambang kepresidenan di baju nya post power syndrom akut kayaknya ini azab untuk dia atau untuk kita ya indonesiagelap,negatif
trust issue pemerintah kerjanya ga bener indonesiagelap,negatif
indonesiagelap auahgelap,negatif
pinter keblinger yo ngene ki udah enak enak gaji ber m m masih aja nyari celah buat memperbanyak pundi astaga negeriku penuh orang kek gini indonesiagelap,negatif
sabar sabar batubara sedang anjlok hancur harganya mungkin efek indonesiagelap,negatif
biasanya gelap kaya indonesiagelap yak,negatif
ternate mahasiswa dan jurnalis dipukul satpol pp saat aksi indonesiagelap,netral
member exabet cuan setiap hari pertaminasarangkoruptor pertamax pertalite korupsipertamina pepaya liverpool exabet slotgacor cewekmontok bumn ahok arsenal pertegashukumindonesia indonesiagelap indonesianidol,netral
negara hemat anggaran masalah rokok dibiarkan pemangkasan anggaran yang signifikan akan berisiko menghambat langkahlangkah penting yang dibutuhkan di bidang kesehatan sobat str tulis solusi dan pendapat kalian di kolom komentar yaaa indonesiagelap suaratanparokok,netral
nikmat mana lagi yang engkau dusta kan indonesiagelap,negatif
kenapa ga tat tet tot tat tootttttttt tettt nguing nguing aja sih kayak di indonesiagelap salam ga respek dr konoha,negatif
kemaren isu pagar laut kementrian atrbpn kebakatan sekarang kasus pertamina dengan kerugian ratusan triliun kebakaran juga di negeri konoha ini sudah tersedia template untuk mengaburkan kasus atau isu korupsi besar indonesiagelap,negatif
baca nih pak biar efisien sesuai dgn program lu pak suruh tidur tinggal kasih makan kasih baju kasih cemilan kasih kamar di istana negara indonesiagelap indonesiabubar,netral
sudah betul demo kemarin dengan indonesiagelap,netral
pov saya dan kalian ketika terpaksa beli pertamax sebelum kasus korupsi terungkap viralindo pertamaxoplosan pertamaxpertalite indonesiagelap capek,negatif
palzu nih frend kamuh jendral bernyali ga minta pertanggungjawabannye indonesiagelap adil,negatif
woee rakyat waras dikitlah udah taukan ini negara maling proyek negara yg duitnya jelas ga terbayar jg pada bnyak kontraktor sampe ada yg bundir dan strok waras waras woee indonesiagelap,negatif
tadi hampir ngomel karna jalannya dialihin kirain karna ada pejabat tai mau lewat oh ternyata ada demo di dprdsemangatt guyssss indonesiagelap,negatif
salahnya negara juga knpa ron dihapus yg pnya nilai ekonomis akhirnya dimanfaatkan oleh para anjg babi bajingan bangsat ini lalu dijual seharga rb indonesiagelap,negatif
update dari makassar tim lbh makassar diintimidasi dan dipiting dari anggota polrestabes makassar ketika hendak memberikan akses bantuan hukum terhadap massa aksi indonesiagelap yang ditahan pada,netral
indonesia masih begini aja nggak mau bubar aja apa indonesiagelap prabowo,negatif
aksi masa aliansi mahasiswa dan rakyat sipil di kota bengkulu bumi raflesia melawan kembali memakan korban dari represifitas aparat dalam aksi indonesiagelap terdata ada orang yang menjadi korban dari kekerasan oknum kepolisian,netral
padahal dah taunslamat datang d era korupsi kuadriliun ininegrikriminal indonesiagelap darkindonesia darkpik,netral
padahal dah taunslamat datang d era korupsi kuadriliun ininegrikriminal indonesiagelap darkindonesia darkpik,netral
garudamerah putih diselimuti kegelapan indonesiagelap,netral
indonesiagelap kalau masih terang matanya sering lah melihat keadaan ralyat kecil,negatif
tangkap bambang hero pembuat masalah di babel tangkapbambanghero adilioknum kejagungri dominuslitis indonesiagelap,netral
slamat datang d era korupsi kuadriliun ininegrikriminal indonesiagelap darkindonesia darkpik,netral
slamat datang d era korupsi kuadriliun ininegrikriminal indonesiagelap darkindonesia darkpik,netral
slamat datang d era korupsi kuadriliun ininegrikriminal indonesiagelap darkindonesia darkpik,netral
makanya kalau ada berita demo itu insan pers jangan hanya diam seperti takut sama rezim penguasa indonesiagelap malah disiarkan oleh media asing jika bersih kenapa risih,negatif
kasus korupsi pertamina dibongkar trus gabung danantarabiasalah jadi pahlawan kesiangan kode keras indonesiagelap danantara pertama pertaminasarangkoruptor,negatif
warisan mulyono janji besarkan pertamina kalahkan petronas pertamina diprediksi bangkrut karena pemerintahan jokowi pinjam uang pertamina rp triliun korupsi pertamax ditaksir rp triliun masih sangkal indonesia gelap nalar indonesiagelap,netral
ayo rame hukum rezim ini indonesiagelap,negatif
orang ini jadi sumber indonesiagelap indonesiagelap,negatif
tabrak aturan sama yg buat aturan emang kacau kejaksaaneror revisiuukejaksaan indonesiagelap kaburajadulu bubarkankejaksaan,negatif
mak gw clueless bgt sm indonesiagelap trs gw gatau ngejelasinnya gmn krn udh keburu cape,negatif
kongkalikong antara pemerintah baru biar mereka yg nguasain babel abis itu pemain lama dibuang indonesiagelap kaburajadulu kejagungri dominuslitis babel t,negatif
sering jadi pengalihan berita tangki cilacap di bakar tidak salah lagi beberapa tahun lalu di bakar juga tangki di cilacap indonesiagelap indonesiagelap,netral
februari dengan berbagai macam insiden gas mana gas kaburajadulu indonesiagelap danantara pertamax dioplos,netral
sabarr bener ya rakyat nkri menghadapi kelakuan pejabatnya tau pada mati sendiri rakyatnya indonesiagelap revolusihargamati,negatif
itungan t itu gak ada dasarnya kok bisa sebesar itu indonesiagelap kaburajadulu t timah kejagung,negatif
indonesiagelap gulita sampe dokter jiemi dah ngetweet kek gini,negatif
iya padahal dah taunslamat datang d era korupsi kuadriliun ininegrikriminal indonesiagelap darkindonesia darkpik,netral
indonesiagelap pake banget,negatif
iya dah tayn dan slamat datang d era korupsi kuadriliun ininegrikriminal indonesiagelap darkindonesia darkpik,netral
monmaap gue mah dah sering ribut sama bapak sendiri tp kan gamungkin kita sampe musuhan ya kan grgr dia pendukung wowo pernah tuh pas indonesiagelap demo kmrn dia ngomong gini doakan saja pemimpin negri saat ini agar sehat selalu agar bisa menghasilkan keputusan baik,negatif
slamat datang d era korupsi kuadriliun ininegrikriminal indonesiagelap darkindonesia darkpik,netral
baru backbacknya penyerang sama pelatihnya belum apalagi pemilik klub indonesiagelap indonesiadaruratkorupsi,negatif
iya bang dah taun ininegrikriminal indonesiagelap darkindonesia darkpik,netral
terpantau sdh sepi dan mari kita semua pindah ke motdar luh anj maling penipu bajingan bangsat bubarkan pertamina indonesiagelap,negatif
jaket bomber pria military bahan taslan waterproof furing dalam menggunakan dakron varian size m xl harga dm bumn danantara pertamina pertalit pertamax ron pertaminasarangkoruptor indonesiagelap,netral
lholho kok bisa pas gitu ya momennya yang kek ginigini nih bikin indonesiagelap,negatif
jaket windbreaker hoodie unisex bahan wp despo furing jaring nyaman digunakan untuk segala kebutuhan varian size m xl harga dm bumn danantara pertamina pertalit pertamax ron pertaminasarangkoruptor indonesiagelap,netral
suka sukalah mau dibuat berapa t semakin besar semakin bagus untuk pencitraan prabowo biar dia bisa tampil seperti superman yang berhasil menangkap penjahat besar ini juga bisa jadi pengalih isu yg bagus dari karut marut pemerintahan prabowo yang bikin indonesiagelap,negatif
delusi kesejahteraan indonesiagelap ketika seorang pemimpin negara dengan percaya diri menyatakan bahwa tahun lagi indonesia akan melampaui jepang dan prancis pernyataan itu lebih terdengar sebagai delusi daripada visi,negatif
???????????????????? ???????????? ?????????? ?????????????????? ?????????????????? ???????????????? ???????????????? jangan hina kecerdasan publik dengan kebahlulan pejabat indonesiagelap adilijokowi,negatif
pantes gelap ternyata aph nya juga bersikap gak jelas indonesiagelap kaburajadulu timah babel,negatif
efisiensi anggaran bukan hanya soal pengurangan biaya tetapi juga tentang bagaimana setiap rupiah digunakan untuk mencapai hasil yang maksimal informasi selengkapnya tentang draft kajian ini dapat diakses pada link berikut indonesiagelap,netral
bersih pakai sapu kotor tolol indonesiagelap adilijokowi,negatif
sudah ngomong gak berani jawab itu lah si bambang hero kejagung t indonesiagelap kaburajadulu revisiruukejaksaan,negatif
makin makin deh indonesiagelap beneran,negatif
demo indonesiagelap di samarinda,netral
indonesiagelap kuatir kegelapan ketek,negatif
jelas dan terang beneran jika kasus ini memang ada muatan politik indonesiagelap revisiuukejaksaan kaburajadulu timah kejagungmainkayu,negatif
akibat kasus itu rakyat babel jadi korban kejagungmainmain t indonesiagelap kaburajadulu revisiruukejaksaan,negatif
bener indonesiagelap,positif
banyaknya kasus korupsi di bumn seperti pertamina kenapa mentrinya nggk di pecat atau setidaknya mengundurkan diri indonesiagelap,negatif
ijazah palsu presiden palsu pertamax palsu indonesiagelap,negatif
jaket aquatech waterproof hoodie bahan taslan waterproof furing jala dryfit enak dan nyaman dipakai varian size m xxl harga dm bumn pertamina pertalit pertamax ron danantara pertaminasarangkoruptor indonesiagelap,positif
kabar kawan tim bantuan hukum dari lbh makassar mendapatkan tindak represif diintimidasi dan dipiting dari anggota polrestabes makassar ketika hendak memberikan akses bantuan hukum terhadap massa aksi indonesiagelap yang ditahan pada cc ig lbh makassar,netral
gila saya udah ga percaya apapun yg keluar dari mulut jokowi kalo pun dia kebelet eek pun keknya saya juga bakal percaya dengan mudahnya indonesiagelap,negatif
rakyat yang masih miskin vs para pemain politik yang jahat dan serakah kombinasi yang epic untuk indonesiagelap,negatif
yg ada hubungannya dgn pdip serang begitu perintah kakak pembinanya termul indonesiagelap,negatif
pantas saja tdk ada pemangkasan di sektor pertahanan agar mrk tetap punya duit utk melangsungkan operasi militer duit otsus dan hak rakyat dipangkas agar tni bisa terus beroperasi melakukan kekerasan pada masyarakat papua indonesiagelap papuagelapbanget,negatif
apa yg dinikmati oleh rakyat indonesia dari kabinet gemuk prabowo banyak rakyat miskin jt orang anak indonesia kelaparan tiap hari korupsi meraja lela dimana mana hutang menumpuk pdb per kapita tdk naik dst indonesiagelap bajingan tolol jilid,negatif
indonesiagelap yang terang hanya cinta ku padamu,positif
rakyat akhirnya menetapkan keputusan yg baik setelah bertahuntahun dikibuli oleh penguasa dan pejabatnya jangan terusterusan mempermainka masyarakat ingat ada batasan emosi rakyat jangan buat mereka bergerak bersama seperti sapu lidi indonesiagelap,negatif
bukan hanya minuman yg memabukan pertamax oplosan pun memabukan indonesiagelap,negatif
negri sdh merdeka indonesiagelap adilijokowi,netral
keanehan dinwgara ya giniii indonesiagelap kaburajadulu surveyrendah timah harveymoeis pelantikanserentak,netral
negri sdh merdeka indonesiagelap adilijokowi,netral
indonesiagelap ke mana hilangnya pantai di labuan bajo flores,netral
negri sdh merdeka indonesiagelap adilijokowi,netral
udah bayar pajak buat para pejabat negara tapi giliran rakyat ada masalah malah disuruh ngatasin sendiri pejabat negara saat ini pada ngapa dah indonesiagelap pastiadajalan,negatif
negri sdh merdeka indonesiagelap adilijokowi,netral
mantan presiden saja bisa dan berhasil membangun dinasti politik kenapa ngak dicoba aja sekalian mumpung kekuasaan lagi dalam genggaman mungkin beginilah pikiran kawan ini satu hal yg terlihat dari kawan ini adalah mempertontonkan keserakahan indonesiagelap,negatif
baru juga mau bulan kok udah banyak banget masalah yah ini negara menteri warisan mulyono emang geh beda indonesiagelap kaburajadulu kimplus ruukekaksaan prabowogibran harikerja,negatif
keanehan dinwgara ya giniii indonesiagelap kaburajadulu surveyrendah timah harveymoeis pelantikanserentak,netral
jika tak mau disebut omon bersihkan dulu menteri yg bermasalah dan adilijokowi indonesiagelap,negatif
sling bag lexus waterproof bahan bimo waterproof simple dan elegant harga dm bumn pertamina pertalit pertamax ron pertaminasarangkoruptor indonesiagelap,positif
emang indonesiagelap,negatif
ndasmu malu gue punya wapres termuda dan terusak parah begini dijadiin negara seperti mainan nya lengserkangibran adilijokowidodo indonesiagelap peringatandarurat batalkandanantara,negatif
tadi liat postingan ini imo beliau ini emang lgi nyari calon yg berpotensi utk kedepannya supaya bisa milih dia nantinya nah dibentuklah citranya dari sekarang emang udah disusun rapi gituloh gws indonesiagelap adilijokowi,positif
ndasmu indonesiagelap,netral
setan saja sdh takut amp muak melihat mereka tdk ada jalannya bagi mereka itu takut tuhan faktanya memang mengerikan tapi kita memang hrs terima kenyataan ini sekarang apakah kita melihatnya biasa saja atau marah dgn keadaan ini kalau marah kita masih waras indonesiagelap,negatif
kebiasaan bohong dari presiden sampai pejabatnya rakyat dibohongin terus suram indonesiagelap,negatif
spbu di indonesia selain pertamina alternatif untuk konsumen yang mulai beralih spbualternatif bensinoplosan shellindonesia bpindonesia vivo hargabbm spbu bbmnaik bbmbagus spbubest bensinmurah jakarta indonesiagelap,netral
kasus ini menunjukkan bahwa dalam sistem hukum kita ada ruang besar bagi ketidakadilan yang berpotensi merugikan siapa saja termasuk harvey moeis indonesiagelap hanyamimpi hariprabowogibran kabinetgemuk harveymoeis,netral
kak sorry buat respect untuk hastag indonesiagelap yang lagi diperjuangkan sama aku dan sebagian masyarakat indonesia malam ini aku nggak spam hastag buat kamu dulu ya tapi tetep aku dengerin kok,positif
negara ini sedang tidak baik baik saja indonesiagelap hanyamimpi hariprabowogibran kabinetgemuk harveymoeis,negatif
menuju indonesiagelap,positif
artist juga bisa artistbersuara indonesiagelap,netral
masih kuraaang tambah lagi dong indonesiadaruratkorupsi indonesiagelap,negatif
gelombang demo indonesiagelap makin panas tapi pertanyaannya siapa yang benarbenar diuntungkan apakah ini bagian dari strategi as untuk menjaga pengaruhnya ataukah china yang ingin memperkuat posisinya di indonesia atau justru ada aktor domestik yang memainkan skenario,negatif
kata kata hari ini pak sueeeeb adilijokowi indonesiagelap,netral
sebenarnya bukan ketutup sih mmg negara ini ngga kekurangan kasus aja akibat ditinggalkan rezim sebelumnya maka itu apapun makanannya minumnya tetap teh btol apapun kasusnya tagarnya tetap indonesiagelap,positif
astaghfirullahalazim ternyata benar indonesiagelap indonesiagelap,negatif
itu biasa becermin dari wapres yg sangat luar biasa hal kerusakan moral mendasar weca indonesiagelap,negatif
negri sdh merdeka indonesiagelap adilijokowi,netral
siap kita ucapkan selamat datang di era korupsi kuadriliun ininegrikriminal indonesiagelap darkindonesia darkpik,netral
siap kita ucapkan selamat datang di era korupsi kuadriliun ininegrikriminal indonesiagelap darkindonesia darkpik,netral
siap kita ucapkan selamat datang di era korupsi kuadriliun ininegrikriminal indonesiagelap darkindonesia darkpik,netral
selama masih hidup mulyono kayak nya akan tetap indonesiagelap,negatif
siap kita ucapkan selamat datang di era korupsi kuadriliun ininegrikriminal indonesiagelap darkindonesia darkpik,netral
ya ampun baru beli kemarin udah merah semua ini keseeeel indonesiagelap,negatif
hampir kualitas amp kecerdasan menteri dan wakil menteri kabinet prabowo setara gibran indonesiagelap,netral
negeri ini lagi amp sedang terangterangan memancing emosi rakyat sepertinya tidak takut akan ada gejolak karena sdh lebih dua dekade rakyat seolah kompromi memilih diam juga wait amp see indonesiagelap pejabatkorupsi pejabatserakah indonesiadaruratkorupsi indonesiasakit,negatif
modus perampokan baru hatihati indonesiagelap,negatif
indonesiagelap ngeriiii,negatif
selamat datang di orde terbarukan indonesiagelap,netral
kasus pengoplosan ialah bentuk pengalihan isu persoalan yang lebih penting aksi demo indonesiagelap mbg kita semua korban dan pentingnya menentukan pimpinan yang adli kini telah hadir almahdi yang membawakan keadilan serta kemanusiaan dibumi,negatif
bawa ahli dong sidak kok kaya gitu ininegrikriminal indonesiagelap darkindonesia darkpik,netral
ngga salah nih bener yeee indonesiagelap,positif
hehehe triliun udah mulai receh sekarang mari kita ucapkan selamat datang di era korupsi kuadriliun ininegrikriminal indonesiagelap darkindonesia darkpik,netral
itu kmrn udah berusaha dikoreksi melalui demo indonesiagelap tapi malah lu sepelein dan ga ditanggepin serius emang dasar manusia munafik lu kebanyakan omon omon anjing,negatif
tunggu amuk rakyat aj gara jokowi indonesiagelap srmakin gulita indonesiagelap berlalu jokowi sekeluarga dipenjara bersama dalangnya aguan cs,negatif
tanggapi mega korupsi di pertamina kita bersihkan mbatinku bersihkan ndasmu indonesiagelap,netral
nggak dong mari kita ucapkan selamat datang era korupsi kuadriliun ininegrikriminal indonesiagelap darkindonesia darkpik,netral
langsung main bakar ya setelah byk membakar uang rakyat dgn mengoplos pertalite ke pertamax negeri ini lagi amp sedang terang an memancing emosi rakyat sepertinya tdk takut akn ada gejolak karena sdh lebih dekade rakyat agak kompromi memilih diam wait amp see indonesiagelap,negatif
mulai dari nol ya spbu pertamina pertamax pertalite ron ahok bumn kaburduluaja indonesiagelap aiartcommunity aiart aiartgallery digitalart art digital aivideo clipflyofficial x,netral
oligarking they not like us indonesiagelap darkindonesia adilijokowidodo adilijokowi danantara pertamax pertamina artistbersuara lawanajadulu ahok pepaya bumn erick tohir bahlil koruptor jokowi indonesia korupsi,netral
kami ini minta hak bukannya minta ininegrikriminal indonesiagelap darkindonesia darkpik,netral
gak cuma pejabat yang suka janji palsu tetagga saya penjahit juga sering janji palsu apakah tetangga saya penyumbang tagar indonesiagelap,negatif
di taman lincoln square kota melbourne para mahasiswa indonesia duduk melingkar berdiskusi tentang negeri indonesiagelap menyatakan solidaritas terhadap gerakan yang ada di indonesia dan ingin turut serta secara aktiv menyuarakan ketiadakadilan melbournebergerak,netral
hehehe triliun udah mulai receh sekarang mari kita ucapkan selamat datang kuadriliun ininegrikriminal indonesiagelap darkindonesia darkpik,netral
gelombang demo indonesiagelap makin panas tapi pertanyaannya siapa yang benarbenar diuntungkan apakah ini bagian dari strategi as untuk menjaga pengaruhnya ataukah china yang ingin memperkuat posisinya di indonesia atau justru ada aktor domestik yang memainkan skenario,negatif
ketika para petinggi negara sudah dicekoki anggota kehormatan ormas pembuat resah pengusaha dan rakyat jelata itu mereka tidak akan pernah berani tegas menindak atau bahkan mereka menikmati hasilnya juga indonesiagelap,negatif
darkindonesia darkindonesia cause kentutomonomon indonesiagelap dari petruk di serahkan ke bagong,netral
bakar barbuk yoo emaan to lee indonesiagelap adilijokowi prabowomuridpatuhjokowi,netral
menyangkal isu indonesiagelap dengan membangun narasi ekonomi indonesia bagus daan baikbaik saja dengan mengabaikan harga barang² naik phk marak lapangan kerja sempit dan yang paling terasa itu daya beli masyarakat makin menurun sejak sebelum akhir masa presiden ri ke,negatif
kejaksaan kejar tayang buat naikin survey indonesiagelap kaburajadulu ruukejaksaan kasustimah,negatif
kita tidak percaya pemerintah lagi indonesiagelap,negatif
makin jelas kepentingan siapa indonesiagelap kaburajadulu mahkamaagungbikinresah timah,netral
ini masa depan gua gimana ya anjing kalo masih disini indonesiagelap indonesiagelap,negatif
wahhh jika menko membenarkan tindakan penyerangan bahaya ini indonesiagelap indonesiagelap,negatif
indonesiagelap itu memang benar adanya kita bayar pajak hanya utk bahag pengeluaran super ngehek karena mental korup kpu dan bawaslu daerah supar kamprettt mau diumpetin apa lagi mmg indonesia gelap kannn,negatif
kontol amat jadi negara indonesiagelap,negatif
kasus pengoplosan penipuan konsumen rakyat bbm oleh pertamina dan besar kerugian negara apa kurang terang juga tagar indonesiagelap itu wahai penghuni istana,negatif
kerugian rakyat gak pernah dihitung kenapa ya indonesiagelap,negatif
presiden nya juga palsu oplosan jokowi indonesiagelap,negatif
orang segini banyak gada gitu yang mau bawa molotov ke gedung goverment terdekat indonesiagelap,negatif
parah indonesiagelap,negatif
kongkalikong antara pemerintah baru biar mereka yg nguasain babel abis itu pemain lama dibuang indonesiagelap kaburajadulu kejagungri dominuslitis babel t,negatif
jgn brmimpi mncapai indonesia emas jk korupsi amp kolusi msh merajalela d negeri ini janji hnya omon krn kalo mau mmbrsihkan lantai itu hrs dgn sapu yg baru amp bersih serta mngganti sapu yg lama amp rusak ndasmu indonesiagelap lawanajadulu,negatif
kalau pakai logika kamu udah diperiksa kalau pakai logika kamu ga bakal bisa maju pilpresdi di jangan selalu membodohi masyarakat dengan pembenaran bahasa mu indonesiagelap,negatif
kotornya teramat gawat ya kotornya sangat nyanyian berkarat sampai ke liang lahat busukbusukbusukbusuk bangkai tikus yang mati karena dihakimi rakyat adakah akhirat menerima dirinya indonesiagelap,negatif
indonesiagelap bokap nyokap mereka berdua aktivis nya lulusan ui bokap ft nyokap fisip nikah mereka tunda biar bisa ikut demo bokap akhirnya berhasil dan ikut naik ke atas gedung literally naik ke atas dan berhasil mengibarkan bendera,netral
buat industri males mending tarik di pns katanyah ininegrikriminal daruratkorupsi indonesiagelap darkindonesia darkpik,negatif
kenapa waktu kejaksaan geledah rumah bangsat riza chalid bawa tentara segala emang bekingannya siapa sih indonesiagelap,negatif
daj dijelasin masih aja ngeyel lu emang mau nyari pembenaran doang kok demo menurut lu indonesiagelap tuh cuma demo doang ga keberlanjutan penyelesaian masalahnya yang makin menumpuk tiap hari,negatif
tambah indonesiagelap,positif
indonesia adalah negara berkembang berkembang biak malingnya karena pertamaxoplosan jadilah pertaminasarangkoruptor akibatnya indonesiagelap,negatif
kalo mau sidak bawa ahli atuh ininegrikriminal daruratkorupsi indonesiagelap darkindonesia darkpik,netral
orang bodoh dikasi jabatan indonesiagelap,negatif
dipailitkan saat ted sioeng berada diluar negeri sampai ted tidak punya kesempatan melakukan pembelaan secara hukum mayapadacurang usutmayapada mayapadarentenirelit indonesiagelap pertamax danantara,netral
gerakan mahasiswa mendesak aparat penegak hukum untuk segera memanggil dato sri tahir dan mengusut tuntas semua kejahatan perbankan mayapada mayapadacurang usutmayapada mayapadarentenirelit indonesiagelap pertamax danantara,netral
kirain sinetron beneran tnyata indonesiagelap,positif
gerakan mahasiswa mendesak aparat penegak hukum untuk segera memanggil dato sri tahir dan mengusut tuntas semua kejahatan perbankan mayapada mayapadacurang usutmayapada mayapadarentenirelit indonesiagelap pertamax danantara,netral
dipailitkan saat ted sioeng berada diluar negeri sampai ted tidak punya kesempatan melakukan pembelaan secara hukum mayapadacurang usutmayapada mayapadarentenirelit indonesiagelap pertamax danantara,netral
disuruh nyaman di negri yang sakit hahaha disuruh hormati sila² walaupun beberapa tidak berlaku indonesiagelap indonesiagelap,negatif
indonesia itu terang indonesiagelap indonesiagelap artistbersuara,netral
salah seorang pbh lbh makassar diintimidasi lalu dipiting oleh anggota polrestabes kota makassar pada saat ingin memberikan akses bantuan hukum terhadap massa aksi indonesiagelap peringatadarurat,netral
kalo marah yah benar benar si mulyono yg punya kerjaan nih indonesiagelap,negatif
muka setan indonesiagelap,negatif
anjing kalian jangan bohongi rakyat terus menerus bubarkan saja bubarkanpertamina indonesiagelap,negatif
dengan dipasangnya gambar orang di atas pintu tidak ada yang mau masuk jebakan bisa masuk tidak bisa keluar indonesiagelap fufufafaaibnasional,negatif
ini yg bilang indonesiagelap,negatif
biang kerok indonesiagelap,negatif
siapa yg bilang indonesiagelap kalian tidak bisa melihat betapa cahai itu terang benderang menyinari bumi pertiwi mungkin mata kalian tertutup nafsu angkara hingga terangnya cahaya indonesia kalian tak bisa lihat oooohhh oooooohhhh oohhhh,negatif
mau ga hancur gimana kli seperti ini indonesiagelap,negatif
bangsat aja rusak gini mau suruh lagi simpen emas di bank emasmau kalian rampok juga bubarkanpertamina indonesiagelap,negatif
akhirnya kita sadar bahwa sang mantan memiliki kekuatan yang dahsyat untuk merusak cenasuwok indonesiagelap fufufafaaibnasional,netral
indonesiagelap itu lihat dari mana monggo pak sudah di rangkum warga media mainstream ga bakal ada beginian pak lah kan satu circle,negatif
ndasmu indonesiagelap ada fenomena yang sedang terjadi pada saat ini dalam waktu yang hampir bersamaan yang membuat publik tidak percaya lagi terhadap pemerintah pindah dari bank bumn ke swasta pindah dari spbu pertamina ke shell,negatif
mari hinahina anak bapak ibu dan sekeluarganya uang itu jelas dari pajak rakyat indonesiagelap peringatandarurat,negatif
bangsat bubarkanpertamina indonesiagelap,netral
ngeri ngeri indonesiagelap,negatif
di era indonesiagelap ini semua bisa terjadi semua karna bahlil,netral
diperlakukan seperti handuk dicelub sehari dipalak pajak selama hari indonesiagelap fufufafaaibnasional,netral
presiden ijazah oplosan meninggalkan kerusakan luar biasa buat rakyat bangsa dan negara mana tanggung jawabmu indonesiagelap,negatif
kalau bukti udah banyak liat aja indonesia sekarang ini apakah semangkin maju atau semangkin mundur wkwkwk pantesan aja banyak anak² muda yang pada kabur dari indonesia indonesiagelap kaburajadulu,negatif
ngeliat fakta skrg aja suram kok berharap th lagi terbesar ke korupsi ratusan t seolah ga papa amp kasusnya begitu sja mantan koruptor jd pejabat bahkan pengelola keuangan pengangguran meningkat investor lari bahas yg skrg aja gosah th lg indonesiagelap,negatif
ndasmu nanti arahnya kalo cuma kongkalikong kayak jokowi dan wowo buat apa ga skalian jatah kepresidenan digilir aja antara beberapa keluarga gausah pemiluan bajingan kalian semua indonesiagelap,negatif
reminder yg pertama bikin indonesiagelap,netral
ada dua fenomena yang terjadi saat ini pindah dari bank bumn ke swasta pindah dari spbu pertamina ke shell dua fenomena ini terjadi hampir pada waktu yang bersamaan bahwa pemerintah telah kehilangan kepercayaan dari publik ndasmu indonesiagelap,negatif
bubarkan saja bumn busuk semua indonesiagelap bubarkanpertamina,negatif
